{"loss": [0.22746272385120392, 0.23640809953212738, 0.15982340276241302, 0.20616720616817474, 0.1509740948677063, 0.1255403608083725, 0.1028619036078453, 0.12315866351127625, 0.09267915785312653, 0.16484378278255463, 0.09519243240356445, 0.11773569881916046, 0.10486739128828049, 0.13293616473674774, 0.10271678119897842, 0.05325697734951973, 0.10550366342067719, 0.0626034140586853, 0.13882260024547577, 0.10234594345092773, 0.07746784389019012, 0.07659094780683517], "precision": [0.918749988079071, 0.9459459185600281, 0.9527027010917664, 0.9520547986030579, 0.9391891956329346, 0.9791666865348816, 0.9801324605941772, 0.9642857313156128, 0.9869281053543091, 0.9523809552192688, 0.9777777791023254, 0.9652777910232544, 0.9683544039726257, 0.9727891087532043, 0.9718309640884399, 0.9863945841789246, 0.9635036587715149, 0.9794520735740662, 0.9748427867889404, 0.9610389471054077, 0.98591548204422, 0.9863013625144958], "recall": [0.9607843160629272, 0.9459459185600281, 0.9463087320327759, 0.9391891956329346, 0.9586206674575806, 0.9791666865348816, 0.9801324605941772, 0.9642857313156128, 0.9741935729980469, 0.9655172228813171, 0.970588207244873, 0.9720279574394226, 0.9870967864990234, 0.9597315192222595, 0.9650349617004395, 1.0, 0.9496402740478516, 0.9862068891525269, 0.9748427867889404, 0.9673202633857727, 0.9929078221321106, 0.9729729890823364], "f1_score": [0.9392970204353333, 0.9459458589553833, 0.9494948387145996, 0.9455780982971191, 0.9488053917884827, 0.9791666269302368, 0.9801324009895325, 0.9642856121063232, 0.9805194735527039, 0.9589040279388428, 0.9741696715354919, 0.9686410427093506, 0.9776357412338257, 0.9662160873413086, 0.9684209823608398, 0.9931506514549255, 0.9565216898918152, 0.9828177690505981, 0.9748427271842957, 0.9641693234443665, 0.989399254322052, 0.9795917272567749], "val_loss": [0.3817351758480072, 0.7298616766929626, 0.7280721664428711, 0.8763459920883179, 0.9880777597427368, 0.8271515965461731, 0.28329697251319885, 0.9682468175888062, 0.7393330335617065, 0.8270175457000732, 0.2393498569726944, 0.2224607616662979, 0.22779445350170135, 0.6344292163848877, 0.29818296432495117, 0.24116650223731995, 0.476519912481308, 0.43584972620010376, 0.5915687680244446, 0.23552152514457703, 0.27880939841270447, 0.3319937288761139], "val_precision": [0.875, 0.5333333611488342, 0.6153846383094788, 0.5, 0.5714285969734192, 0.5714285969734192, 0.7272727489471436, 0.5333333611488342, 0.6153846383094788, 0.5714285969734192, 0.800000011920929, 0.875, 0.875, 0.6666666865348816, 0.800000011920929, 1.0, 0.7272727489471436, 0.7272727489471436, 0.6153846383094788, 0.800000011920929, 0.800000011920929, 0.800000011920929], "val_recall": [0.875, 1.0, 1.0, 1.0, 1.0, 1.0, 1.0, 1.0, 1.0, 1.0, 1.0, 0.875, 0.875, 1.0, 1.0, 0.75, 1.0, 1.0, 1.0, 1.0, 1.0, 1.0], "val_f1_score": [0.8749999403953552, 0.6956521272659302, 0.7619047164916992, 0.6666666269302368, 0.7272726893424988, 0.7272726893424988, 0.8421052098274231, 0.6956521272659302, 0.7619047164916992, 0.7272726893424988, 0.8888888359069824, 0.8749999403953552, 0.8749999403953552, 0.800000011920929, 0.8888888359069824, 0.8571428060531616, 0.8421052098274231, 0.8421052098274231, 0.7619047164916992, 0.8888888359069824, 0.8888888359069824, 0.8888888359069824], "lr": [0.0010000000474974513, 0.0010000000474974513, 0.0010000000474974513, 0.0010000000474974513, 0.0010000000474974513, 0.0010000000474974513, 0.0010000000474974513, 0.0010000000474974513, 0.0010000000474974513, 0.0010000000474974513, 0.0010000000474974513, 0.0010000000474974513, 0.0010000000474974513, 0.0010000000474974513, 0.0010000000474974513, 0.0010000000474974513, 0.0010000000474974513, 0.0010000000474974513, 0.0010000000474974513, 0.0010000000474974513, 0.00010000000474974513, 0.00010000000474974513], "test_precision": [0.7142857313156128, 0.8333333134651184, 0.8333333134651184, 0.625, 0.625, 0.7692307829856873, 0.8999999761581421, 0.8333333134651184, 0.8333333134651184, 0.625, 0.8999999761581421, 0.8999999761581421, 1.0, 0.8333333134651184, 0.8333333134651184, 1.0, 0.9090909361839294, 0.9090909361839294, 0.8333333134651184, 0.8999999761581421, 0.8999999761581421, 0.9090909361839294], "test_recall": [1.0, 1.0, 1.0, 1.0, 1.0, 1.0, 0.8999999761581421, 1.0, 1.0, 1.0, 0.8999999761581421, 0.8999999761581421, 0.8999999761581421, 1.0, 1.0, 0.8999999761581421, 1.0, 1.0, 1.0, 0.8999999761581421, 0.8999999761581421, 1.0], "test_f1_score": [0.8333333134651184, 0.9090908169746399, 0.9090908169746399, 0.7692307233810425, 0.7692307233810425, 0.8695651888847351, 0.8999999165534973, 0.9090908169746399, 0.9090908169746399, 0.7692307233810425, 0.8999999165534973, 0.8999999165534973, 0.947368323802948, 0.9090908169746399, 0.9090908169746399, 0.947368323802948, 0.9523809552192688, 0.9523809552192688, 0.9090908169746399, 0.8999999165534973, 0.8999999165534973, 0.9523809552192688]}