{"loss": [0.6106444001197815, 0.45580536127090454, 0.34340012073516846, 0.2935863733291626, 0.3446786403656006, 0.26740676164627075, 0.21075114607810974, 0.2287280261516571, 0.20881032943725586, 0.29432180523872375, 0.2751815617084503, 0.2988743782043457, 0.22347840666770935, 0.21904602646827698, 0.27682602405548096, 0.2779622972011566, 0.19037428498268127, 0.1670956164598465], "precision": [0.7218934893608093, 0.8045976758003235, 0.8687499761581421, 0.8974359035491943, 0.8589743375778198, 0.9166666865348816, 0.915032684803009, 0.9271523356437683, 0.9399999976158142, 0.9246575236320496, 0.9006622433662415, 0.9038461446762085, 0.9391891956329346, 0.9470198750495911, 0.8986486196517944, 0.9113923907279968, 0.9536423683166504, 0.948387086391449], "recall": [0.8652482032775879, 0.9523809552192688, 0.9520547986030579, 0.9589040875434875, 0.8933333158493042, 0.9230769276618958, 0.9589040875434875, 0.9395973086357117, 0.9591836929321289, 0.918367326259613, 0.9379310607910156, 0.9215686321258545, 0.9391891956329346, 0.9662162065505981, 0.9236111044883728, 0.9473684430122375, 0.9411764740943909, 0.9671052694320679], "f1_score": [0.7870967388153076, 0.8722741007804871, 0.9084966778755188, 0.9271522164344788, 0.8758168816566467, 0.9198605418205261, 0.9364547729492188, 0.9333332777023315, 0.9494948983192444, 0.921501636505127, 0.9189188480377197, 0.9126213192939758, 0.9391891360282898, 0.9565216898918152, 0.9109587669372559, 0.9290321469306946, 0.947368323802948, 0.957654595375061], "val_loss": [0.5797887444496155, 0.7183730006217957, 0.608688473701477, 0.4252529740333557, 0.6932117342948914, 1.039933681488037, 0.7056350111961365, 0.38785094022750854, 0.45412275195121765, 1.0081545114517212, 0.7277886867523193, 0.6769444942474365, 0.45075562596321106, 0.6921210289001465, 0.7396043539047241, 0.48276224732398987, 0.6281853318214417, 0.5777944326400757], "val_precision": [0.6153846383094788, 0.5333333611488342, 0.5714285969734192, 0.699999988079071, 0.5714285969734192, 0.5333333611488342, 0.6153846383094788, 0.699999988079071, 0.7272727489471436, 0.5333333611488342, 0.6153846383094788, 0.6666666865348816, 0.7272727489471436, 0.6666666865348816, 0.6666666865348816, 0.7272727489471436, 0.6666666865348816, 0.6666666865348816], "val_recall": [1.0, 1.0, 1.0, 0.875, 1.0, 1.0, 1.0, 0.875, 1.0, 1.0, 1.0, 1.0, 1.0, 1.0, 1.0, 1.0, 1.0, 1.0], "val_f1_score": [0.7619047164916992, 0.6956521272659302, 0.7272726893424988, 0.7777777910232544, 0.7272726893424988, 0.6956521272659302, 0.7619047164916992, 0.7777777910232544, 0.8421052098274231, 0.6956521272659302, 0.7619047164916992, 0.800000011920929, 0.8421052098274231, 0.800000011920929, 0.800000011920929, 0.8421052098274231, 0.800000011920929, 0.800000011920929], "lr": [0.0010000000474974513, 0.0010000000474974513, 0.0010000000474974513, 0.0010000000474974513, 0.0010000000474974513, 0.0010000000474974513, 0.0010000000474974513, 0.0010000000474974513, 0.0010000000474974513, 0.0010000000474974513, 0.0010000000474974513, 0.0010000000474974513, 0.0010000000474974513, 0.0010000000474974513, 0.0010000000474974513, 0.0010000000474974513, 0.00010000000474974513, 0.00010000000474974513], "test_precision": [0.5263158082962036, 0.5, 0.5263158082962036, 0.9090909361839294, 0.5263158082962036, 0.5263158082962036, 0.5555555820465088, 1.0, 0.8333333134651184, 0.5263158082962036, 0.5882353186607361, 0.5882353186607361, 1.0, 0.5882353186607361, 0.5882353186607361, 0.9090909361839294, 0.625, 0.625], "test_recall": [1.0, 1.0, 1.0, 1.0, 1.0, 1.0, 1.0, 1.0, 1.0, 1.0, 1.0, 1.0, 1.0, 1.0, 1.0, 1.0, 1.0, 1.0], "test_f1_score": [0.6896551251411438, 0.6666666269302368, 0.6896551251411438, 0.9523809552192688, 0.6896551251411438, 0.6896551251411438, 0.714285671710968, 1.0, 0.9090908169746399, 0.6896551251411438, 0.7407407164573669, 0.7407407164573669, 1.0, 0.7407407164573669, 0.7407407164573669, 0.9523809552192688, 0.7692307233810425, 0.7692307233810425]}