{"loss": [0.49311837553977966, 0.185500368475914, 0.1819404810667038, 0.1424197256565094, 0.15402306616306305, 0.07768258452415466, 0.06204812973737717, 0.17962156236171722, 0.17308469116687775, 0.13418656587600708, 0.08623483777046204, 0.1186310201883316], "precision": [0.8698630332946777, 0.9430379867553711, 0.95333331823349, 0.9473684430122375, 0.9552238583564758, 0.9731543660163879, 0.9856114983558655, 0.948387086391449, 0.9635036587715149, 0.9637681245803833, 0.9652777910232544, 0.9729729890823364], "recall": [0.8943662047386169, 0.9675324559211731, 0.95333331823349, 0.9664429426193237, 0.9624060392379761, 0.9797297120094299, 0.9785714149475098, 0.9607843160629272, 0.9635036587715149, 0.949999988079071, 0.9652777910232544, 0.9729729890823364], "f1_score": [0.8819444179534912, 0.9551281332969666, 0.9533332586288452, 0.9568105936050415, 0.9588014483451843, 0.9764309525489807, 0.9820787310600281, 0.9545453786849976, 0.9635035991668701, 0.9568344950675964, 0.9652777314186096, 0.9729729294776917], "val_loss": [0.17285585403442383, 0.9036352634429932, 0.2483130246400833, 0.12867139279842377, 0.12198800593614578, 0.10772590339183807, 1.8652485609054565, 0.6576245427131653, 0.5349933505058289, 1.2693755626678467, 1.9903185367584229, 0.6260935664176941], "val_precision": [0.8888888955116272, 0.6153846383094788, 0.7272727489471436, 0.8888888955116272, 0.8888888955116272, 0.8888888955116272, 0.5714285969734192, 0.7272727489471436, 0.6666666865348816, 0.6666666865348816, 0.5714285969734192, 0.7272727489471436], "val_recall": [1.0, 1.0, 1.0, 1.0, 1.0, 1.0, 1.0, 1.0, 1.0, 1.0, 1.0, 1.0], "val_f1_score": [0.9411764144897461, 0.7619047164916992, 0.8421052098274231, 0.9411764144897461, 0.9411764144897461, 0.9411764144897461, 0.7272726893424988, 0.8421052098274231, 0.800000011920929, 0.800000011920929, 0.7272726893424988, 0.8421052098274231], "lr": [0.0010000000474974513, 0.0010000000474974513, 0.0010000000474974513, 0.0010000000474974513, 0.0010000000474974513, 0.0010000000474974513, 0.0010000000474974513, 0.0010000000474974513, 0.0010000000474974513, 0.0010000000474974513, 0.0010000000474974513, 0.0010000000474974513], "test_precision": [1.0, 0.7692307829856873, 0.7692307829856873, 0.8333333134651184, 1.0, 1.0, 0.5263158082962036, 0.8333333134651184, 0.6666666865348816, 0.5882353186607361, 0.5555555820465088, 0.9090909361839294], "test_recall": [0.8999999761581421, 1.0, 1.0, 1.0, 1.0, 1.0, 1.0, 1.0, 1.0, 1.0, 1.0, 1.0], "test_f1_score": [0.947368323802948, 0.8695651888847351, 0.8695651888847351, 0.9090908169746399, 1.0, 1.0, 0.6896551251411438, 0.9090908169746399, 0.800000011920929, 0.7407407164573669, 0.714285671710968, 0.9523809552192688]}