{"loss": [0.39337584376335144, 0.17241649329662323, 0.1676710546016693, 0.125412255525589, 0.23945747315883636, 0.1237146407365799, 0.14992797374725342, 0.17433930933475494, 0.17643316090106964, 0.07733451575040817, 0.13411162793636322, 0.15450629591941833, 0.11126168072223663, 0.1880398541688919, 0.09119948744773865, 0.0935778021812439, 0.11881577223539352, 0.06020485982298851, 0.13116036355495453, 0.037330564111471176, 0.08509662747383118, 0.08622083067893982, 0.08999317139387131, 0.06723500043153763, 0.08534343540668488, 0.05992637574672699, 0.05912064015865326, 0.03895121067762375, 0.05413675680756569], "precision": [0.8731343150138855, 0.948387086391449, 0.9681528806686401, 0.9622641801834106, 0.9352940917015076, 0.9599999785423279, 0.9650349617004395, 0.9568345546722412, 0.9513888955116272, 0.985401451587677, 0.9677419066429138, 0.9539473652839661, 0.9797297120094299, 0.9534883499145508, 0.9868420958518982, 0.9671052694320679, 0.9645389914512634, 0.9871794581413269, 0.9520547986030579, 1.0, 0.9798657894134521, 0.9863945841789246, 0.97826087474823, 0.9807692170143127, 0.9798657894134521, 0.9931034445762634, 0.9925373196601868, 0.9871794581413269, 1.0], "recall": [0.8796992301940918, 0.9545454382896423, 0.9681528806686401, 0.9807692170143127, 0.9695122241973877, 0.9536423683166504, 0.9583333134651184, 0.949999988079071, 0.9647887349128723, 0.971222996711731, 0.9677419066429138, 0.9731543660163879, 0.9731543660163879, 0.9534883499145508, 0.9803921580314636, 0.9800000190734863, 0.9577465057373047, 0.9935483932495117, 0.9520547986030579, 0.9935064911842346, 0.9733333587646484, 0.9797297120094299, 0.97826087474823, 0.9745222926139832, 0.9864864945411682, 0.9863013625144958, 0.9779411554336548, 0.9935483932495117, 0.9798657894134521], "f1_score": [0.8764044642448425, 0.9514562487602234, 0.9681528210639954, 0.9714285731315613, 0.9520957469940186, 0.9568105936050415, 0.9616723656654358, 0.9534050226211548, 0.9580419063568115, 0.9782608151435852, 0.967741847038269, 0.963455080986023, 0.9764309525489807, 0.953488290309906, 0.9836064577102661, 0.9735099077224731, 0.961130678653717, 0.9903537034988403, 0.9520546793937683, 0.9967426061630249, 0.9765886068344116, 0.9830508232116699, 0.9782608151435852, 0.9776356816291809, 0.98316490650177, 0.9896906614303589, 0.9851851463317871, 0.9903537034988403, 0.9898304343223572], "val_loss": [0.33575356006622314, 0.7002374529838562, 0.6591765284538269, 0.5875277519226074, 0.4749963879585266, 0.4132402837276459, 0.6220901012420654, 0.8648873567581177, 0.28685712814331055, 0.5641850233078003, 1.1506927013397217, 0.5830516815185547, 0.36329376697540283, 0.4369816780090332, 0.5013021230697632, 0.6663124561309814, 0.4578091502189636, 0.30581924319267273, 0.2512044906616211, 0.34044843912124634, 0.3354416787624359, 0.3918132185935974, 0.27762719988822937, 0.35529497265815735, 0.26560306549072266, 0.3344818949699402, 0.32837334275245667, 0.31430956721305847, 0.3366844058036804], "val_precision": [0.875, 0.6153846383094788, 0.6666666865348816, 0.6666666865348816, 1.0, 0.7777777910232544, 0.7272727489471436, 0.5714285969734192, 0.800000011920929, 0.7272727489471436, 0.5, 0.7272727489471436, 0.7272727489471436, 0.7272727489471436, 0.7272727489471436, 0.6666666865348816, 0.800000011920929, 0.800000011920929, 0.800000011920929, 0.800000011920929, 0.800000011920929, 0.800000011920929, 0.800000011920929, 0.800000011920929, 0.800000011920929, 0.800000011920929, 0.800000011920929, 0.800000011920929, 0.800000011920929], "val_recall": [0.875, 1.0, 1.0, 1.0, 0.75, 0.875, 1.0, 1.0, 1.0, 1.0, 1.0, 1.0, 1.0, 1.0, 1.0, 1.0, 1.0, 1.0, 1.0, 1.0, 1.0, 1.0, 1.0, 1.0, 1.0, 1.0, 1.0, 1.0, 1.0], "val_f1_score": [0.8749999403953552, 0.7619047164916992, 0.800000011920929, 0.800000011920929, 0.8571428060531616, 0.8235293626785278, 0.8421052098274231, 0.7272726893424988, 0.8888888359069824, 0.8421052098274231, 0.6666666269302368, 0.8421052098274231, 0.8421052098274231, 0.8421052098274231, 0.8421052098274231, 0.800000011920929, 0.8888888359069824, 0.8888888359069824, 0.8888888359069824, 0.8888888359069824, 0.8888888359069824, 0.8888888359069824, 0.8888888359069824, 0.8888888359069824, 0.8888888359069824, 0.8888888359069824, 0.8888888359069824, 0.8888888359069824, 0.8888888359069824], "lr": [0.0010000000474974513, 0.0010000000474974513, 0.0010000000474974513, 0.0010000000474974513, 0.0010000000474974513, 0.0010000000474974513, 0.0010000000474974513, 0.0010000000474974513, 0.0010000000474974513, 0.0010000000474974513, 0.0010000000474974513, 0.0010000000474974513, 0.0010000000474974513, 0.0010000000474974513, 0.0010000000474974513, 0.0010000000474974513, 0.0010000000474974513, 0.00010000000474974513, 0.00010000000474974513, 0.00010000000474974513, 0.00010000000474974513, 0.00010000000474974513, 0.00010000000474974513, 0.00010000000474974513, 0.00010000000474974513, 0.00010000000474974513, 0.00010000000474974513, 1.0000000656873453e-05, 1.0000000656873453e-05], "test_precision": [1.0, 0.8181818127632141, 0.8333333134651184, 0.8333333134651184, 1.0, 0.9090909361839294, 0.8333333134651184, 0.7142857313156128, 0.9090909361839294, 0.9090909361839294, 0.7692307829856873, 0.9090909361839294, 0.9090909361839294, 0.9090909361839294, 0.8333333134651184, 0.8333333134651184, 0.8181818127632141, 0.8999999761581421, 0.8999999761581421, 0.8999999761581421, 0.8999999761581421, 0.9090909361839294, 0.8999999761581421, 0.9090909361839294, 0.8999999761581421, 0.9090909361839294, 0.9090909361839294, 0.9090909361839294, 0.9090909361839294], "test_recall": [0.8999999761581421, 0.8999999761581421, 1.0, 1.0, 0.8999999761581421, 1.0, 1.0, 1.0, 1.0, 1.0, 1.0, 1.0, 1.0, 1.0, 1.0, 1.0, 0.8999999761581421, 0.8999999761581421, 0.8999999761581421, 0.8999999761581421, 0.8999999761581421, 1.0, 0.8999999761581421, 1.0, 0.8999999761581421, 1.0, 1.0, 1.0, 1.0], "test_f1_score": [0.947368323802948, 0.8571428060531616, 0.9090908169746399, 0.9090908169746399, 0.947368323802948, 0.9523809552192688, 0.9090908169746399, 0.8333333134651184, 0.9523809552192688, 0.9523809552192688, 0.8695651888847351, 0.9523809552192688, 0.9523809552192688, 0.9523809552192688, 0.9090908169746399, 0.9090908169746399, 0.8571428060531616, 0.8999999165534973, 0.8999999165534973, 0.8999999165534973, 0.8999999165534973, 0.9523809552192688, 0.8999999165534973, 0.9523809552192688, 0.8999999165534973, 0.9523809552192688, 0.9523809552192688, 0.9523809552192688, 0.9523809552192688]}