{"loss": [0.5791465640068054, 0.525448739528656, 0.3574238121509552, 0.3396494686603546, 0.36039674282073975, 0.29500705003738403, 0.26092594861984253, 0.26605215668678284, 0.29669514298439026, 0.3311828672885895, 0.2756286561489105, 0.22252875566482544, 0.20415562391281128, 0.16118913888931274, 0.17758262157440186], "precision": [0.7789473533630371, 0.7426900863647461, 0.8285714387893677, 0.8805031180381775, 0.8689655065536499, 0.8926174640655518, 0.9189189076423645, 0.8926174640655518, 0.8911564350128174, 0.8980891704559326, 0.9208633303642273, 0.9263803958892822, 0.9357143044471741, 0.9677419066429138, 0.956250011920929], "recall": [0.9673202633857727, 0.9477611780166626, 0.9797297120094299, 0.9459459185600281, 0.9064748287200928, 0.9366196990013123, 0.9379310607910156, 0.9236111044883728, 0.9034482836723328, 0.9096774458885193, 0.9078013896942139, 0.9437500238418579, 0.970370352268219, 0.9615384340286255, 0.9683544039726257], "f1_score": [0.862973690032959, 0.8327868580818176, 0.8978327512741089, 0.9120520353317261, 0.8873238563537598, 0.9140893220901489, 0.9283275604248047, 0.9078498482704163, 0.8972601890563965, 0.9038461446762085, 0.9142856597900391, 0.9349845051765442, 0.9527272582054138, 0.9646300673484802, 0.9622640609741211], "val_loss": [0.8707390427589417, 0.60651034116745, 0.8130167722702026, 0.6602635383605957, 0.39695924520492554, 0.4598640203475952, 0.6663731336593628, 0.47335171699523926, 0.5004479885101318, 1.0512381792068481, 0.6879778504371643, 0.4144822955131531, 0.5040566325187683, 0.6253147125244141, 0.6705029010772705], "val_precision": [0.5, 0.5333333611488342, 0.5333333611488342, 0.5333333611488342, 0.7272727489471436, 0.7272727489471436, 0.6153846383094788, 0.7272727489471436, 0.7272727489471436, 0.5333333611488342, 0.6153846383094788, 0.7272727489471436, 0.7272727489471436, 0.6666666865348816, 0.6666666865348816], "val_recall": [1.0, 1.0, 1.0, 1.0, 1.0, 1.0, 1.0, 1.0, 1.0, 1.0, 1.0, 1.0, 1.0, 1.0, 1.0], "val_f1_score": [0.6666666269302368, 0.6956521272659302, 0.6956521272659302, 0.6956521272659302, 0.8421052098274231, 0.8421052098274231, 0.7619047164916992, 0.8421052098274231, 0.8421052098274231, 0.6956521272659302, 0.7619047164916992, 0.8421052098274231, 0.8421052098274231, 0.800000011920929, 0.800000011920929], "lr": [0.0010000000474974513, 0.0010000000474974513, 0.0010000000474974513, 0.0010000000474974513, 0.0010000000474974513, 0.0010000000474974513, 0.0010000000474974513, 0.0010000000474974513, 0.0010000000474974513, 0.0010000000474974513, 0.0010000000474974513, 0.0010000000474974513, 0.0010000000474974513, 0.00010000000474974513, 0.00010000000474974513], "test_precision": [0.5, 0.5263158082962036, 0.5, 0.5263158082962036, 1.0, 0.8333333134651184, 0.5882353186607361, 0.9090909361839294, 0.8333333134651184, 0.5263158082962036, 0.5882353186607361, 1.0, 0.8333333134651184, 0.5882353186607361, 0.5882353186607361], "test_recall": [1.0, 1.0, 1.0, 1.0, 1.0, 1.0, 1.0, 1.0, 1.0, 1.0, 1.0, 1.0, 1.0, 1.0, 1.0], "test_f1_score": [0.6666666269302368, 0.6896551251411438, 0.6666666269302368, 0.6896551251411438, 1.0, 0.9090908169746399, 0.7407407164573669, 0.9523809552192688, 0.9090908169746399, 0.6896551251411438, 0.7407407164573669, 1.0, 0.9090908169746399, 0.7407407164573669, 0.7407407164573669]}