{"loss": [0.3386373817920685, 0.265475332736969, 0.33362236618995667, 0.1102653294801712, 0.1196826621890068, 0.11396828293800354, 0.16209208965301514, 0.18917226791381836, 0.12413597106933594, 0.18159273266792297, 0.11762251704931259, 0.04764333367347717, 0.09234192222356796, 0.13413257896900177, 0.07574892789125443, 0.11625559628009796], "precision": [0.8802816867828369, 0.9391891956329346, 0.9144737124443054, 0.9683544039726257, 0.9745222926139832, 0.9788732528686523, 0.9490445852279663, 0.9375, 0.9743589758872986, 0.9473684430122375, 0.978723406791687, 0.9863945841789246, 0.9862068891525269, 0.9594594836235046, 0.9806451797485352, 0.9860140085220337], "recall": [0.8992805480957031, 0.9144737124443054, 0.9205297827720642, 0.9935064911842346, 0.9683544039726257, 0.9652777910232544, 0.9802631735801697, 0.9440559148788452, 0.9620253443717957, 0.9729729890823364, 0.9583333134651184, 0.9863945841789246, 0.9794520735740662, 0.9594594836235046, 0.9806451797485352, 0.965753436088562], "f1_score": [0.8896796107292175, 0.9266666769981384, 0.9174916744232178, 0.980769157409668, 0.9714285135269165, 0.9720278978347778, 0.9644012451171875, 0.9407665133476257, 0.9681528210639954, 0.9599999785423279, 0.9684209823608398, 0.9863945245742798, 0.9828177690505981, 0.9594594240188599, 0.9806451201438904, 0.9757785201072693], "val_loss": [0.4117240309715271, 1.480610966682434, 0.46551913022994995, 0.3502551019191742, 0.5383794903755188, 1.3956122398376465, 0.785740315914154, 0.14252397418022156, 0.794162392616272, 0.06684555858373642, 0.20932888984680176, 0.21498942375183105, 0.3710234463214874, 0.327912837266922, 0.17355406284332275, 0.6490322351455688], "val_precision": [1.0, 0.5333333611488342, 0.7272727489471436, 0.7272727489471436, 0.6666666865348816, 0.5714285969734192, 0.6666666865348816, 1.0, 0.5714285969734192, 1.0, 0.800000011920929, 0.8888888955116272, 0.6666666865348816, 0.6666666865348816, 0.8888888955116272, 0.6153846383094788], "val_recall": [0.625, 1.0, 1.0, 1.0, 1.0, 1.0, 1.0, 0.875, 1.0, 1.0, 1.0, 1.0, 1.0, 1.0, 1.0, 1.0], "val_f1_score": [0.7692307233810425, 0.6956521272659302, 0.8421052098274231, 0.8421052098274231, 0.800000011920929, 0.7272726893424988, 0.800000011920929, 0.9333332777023315, 0.7272726893424988, 1.0, 0.8888888359069824, 0.9411764144897461, 0.800000011920929, 0.800000011920929, 0.9411764144897461, 0.7619047164916992], "lr": [0.0010000000474974513, 0.0010000000474974513, 0.0010000000474974513, 0.0010000000474974513, 0.0010000000474974513, 0.0010000000474974513, 0.0010000000474974513, 0.0010000000474974513, 0.0010000000474974513, 0.0010000000474974513, 0.0010000000474974513, 0.0010000000474974513, 0.0010000000474974513, 0.0010000000474974513, 0.0010000000474974513, 0.0010000000474974513], "test_precision": [1.0, 0.6666666865348816, 0.7142857313156128, 0.7142857313156128, 0.6666666865348816, 0.5882353186607361, 0.5882353186607361, 1.0, 0.5263158082962036, 1.0, 0.9090909361839294, 1.0, 0.7692307829856873, 0.625, 0.7692307829856873, 0.5882353186607361], "test_recall": [0.699999988079071, 1.0, 1.0, 1.0, 1.0, 1.0, 1.0, 0.8999999761581421, 1.0, 0.8999999761581421, 1.0, 1.0, 1.0, 1.0, 1.0, 1.0], "test_f1_score": [0.8235293626785278, 0.800000011920929, 0.8333333134651184, 0.8333333134651184, 0.800000011920929, 0.7407407164573669, 0.7407407164573669, 0.947368323802948, 0.6896551251411438, 0.947368323802948, 0.9523809552192688, 1.0, 0.8695651888847351, 0.7692307233810425, 0.8695651888847351, 0.7407407164573669]}